,rf_builtin,xgb_builtin,rf_permutation_val,xgb_permutation_val,xgb_shap_val
sma,0.0762,0.0784,0.0035,-0.004,0.1508
ema,0.0719,0.0737,0.0013,-0.0076,0.2317
rsi,0.1225,0.0923,0.0039,0.0179,0.7637
macd,0.0746,0.0846,0.0035,0.0049,0.2921
macd_signal,0.0651,0.0822,0.0017,0.0155,0.3104
macd_histogram,0.1063,0.0882,0.0019,0.0206,0.2688
bb_upper,0.0634,0.0725,0.0113,0.006,0.0655
bb_lower,0.1202,0.1003,0.0058,-0.0105,0.3485
bb_width,0.0738,0.0837,0.0073,0.0045,0.1451
atr,0.0808,0.0806,0.0016,-0.0001,0.1301
obv,0.0545,0.0786,-0.0001,-0.0009,0.1248
momentum,0.0907,0.0849,0.0131,0.0156,0.2657
